id,label,feed,raw_field,grain,context,canonical,first_season,last_season,tier,used_in,derived_from,note
accurate_back_zone_pass,accurate back zone pass,opta,plstats.accurate_back_zone_pass,season,football,1,2016-17,2026-27,archive,none,,Pulse season totals. Verbatim API; omitted zeros filled only in style.py.
accurate_chipped_pass,accurate chipped pass,opta,plstats.accurate_chipped_pass,season,football,1,2016-17,2026-27,archive,none,,Pulse season totals. Verbatim API; omitted zeros filled only in style.py.
accurate_corners_intobox,accurate corners intobox,opta,plstats.accurate_corners_intobox,season,football,1,2016-17,2026-27,archive,none,,Pulse season totals. Verbatim API; omitted zeros filled only in style.py.
accurate_cross,accurate cross,opta,plstats.accurate_cross,season,football,1,2016-17,2026-27,archive,none,,Pulse season totals. Verbatim API; omitted zeros filled only in style.py.
accurate_cross_nocorner,accurate cross nocorner,opta,plstats.accurate_cross_nocorner,season,football,1,2016-17,2026-27,archive,none,,Pulse season totals. Verbatim API; omitted zeros filled only in style.py.
accurate_flick_on,accurate flick on,opta,plstats.accurate_flick_on,season,football,1,2016-17,2026-27,archive,none,,Pulse season totals. Verbatim API; omitted zeros filled only in style.py.
accurate_freekick_cross,accurate freekick cross,opta,plstats.accurate_freekick_cross,season,football,1,2016-17,2026-27,archive,none,,Pulse season totals. Verbatim API; omitted zeros filled only in style.py.
accurate_fwd_zone_pass,accurate fwd zone pass,opta,plstats.accurate_fwd_zone_pass,season,football,1,2016-17,2026-27,archive,none,,Pulse season totals. Verbatim API; omitted zeros filled only in style.py.
accurate_goal_kicks,accurate goal kicks,opta,plstats.accurate_goal_kicks,season,football,1,2016-17,2026-27,archive,none,,Pulse season totals. Verbatim API; omitted zeros filled only in style.py.
accurate_keeper_sweeper,accurate keeper sweeper,opta,plstats.accurate_keeper_sweeper,season,football,1,2016-17,2026-27,archive,none,,Pulse season totals. Verbatim API; omitted zeros filled only in style.py.
accurate_keeper_throws,accurate keeper throws,opta,plstats.accurate_keeper_throws,season,football,1,2016-17,2026-27,archive,none,,Pulse season totals. Verbatim API; omitted zeros filled only in style.py.
accurate_launches,accurate launches,opta,plstats.accurate_launches,season,football,1,2016-17,2026-27,archive,none,,Pulse season totals. Verbatim API; omitted zeros filled only in style.py.
accurate_layoffs,accurate layoffs,opta,plstats.accurate_layoffs,season,football,1,2016-17,2026-27,archive,none,,Pulse season totals. Verbatim API; omitted zeros filled only in style.py.
accurate_long_balls,accurate long balls,opta,plstats.accurate_long_balls,season,football,1,2016-17,2026-27,archive,none,,Pulse season totals. Verbatim API; omitted zeros filled only in style.py.
accurate_pass,accurate pass,opta,plstats.accurate_pass,season,football,1,2016-17,2026-27,archive,clustering,,Pulse season totals. Verbatim API; omitted zeros filled only in style.py.; numerator/denominator for a style feature; the ratio is the exported metric.
accurate_pull_back,accurate pull back,opta,plstats.accurate_pull_back,season,football,1,2016-17,2026-27,archive,none,,Pulse season totals. Verbatim API; omitted zeros filled only in style.py.
accurate_through_ball,accurate through ball,opta,plstats.accurate_through_ball,season,football,1,2016-17,2026-27,archive,none,,Pulse season totals. Verbatim API; omitted zeros filled only in style.py.
accurate_throws,accurate throws,opta,plstats.accurate_throws,season,football,1,2016-17,2026-27,archive,none,,Pulse season totals. Verbatim API; omitted zeros filled only in style.py.
aerial_lost,aerial lost,opta,plstats.aerial_lost,season,football,1,2016-17,2026-27,archive,clustering,,Pulse season totals. Verbatim API; omitted zeros filled only in style.py.; numerator/denominator for a style feature; the ratio is the exported metric.
aerial_won,aerial won,opta,plstats.aerial_won,season,football,1,2016-17,2026-27,archive,clustering,,Pulse season totals. Verbatim API; omitted zeros filled only in style.py.; numerator/denominator for a style feature; the ratio is the exported metric.
appearances,appearances,opta,plstats.appearances,season,football,1,2016-17,2026-27,archive,none,,Pulse season totals. Verbatim API; omitted zeros filled only in style.py.
assist_attempt_saved,assist attempt saved,opta,plstats.assist_attempt_saved,season,football,1,2016-17,2026-27,archive,none,,Pulse season totals. Verbatim API; omitted zeros filled only in style.py.
assist_blocked_shot,assist blocked shot,opta,plstats.assist_blocked_shot,season,football,1,2016-17,2026-27,archive,none,,Pulse season totals. Verbatim API; omitted zeros filled only in style.py.
assist_free_kick_won,assist free kick won,opta,plstats.assist_free_kick_won,season,football,1,2016-17,2026-27,archive,none,,Pulse season totals. Verbatim API; omitted zeros filled only in style.py.
assist_handball_won,assist handball won,opta,plstats.assist_handball_won,season,football,1,2016-17,2025-26,archive,none,,Pulse season totals. Verbatim API; omitted zeros filled only in style.py.
assist_own_goal,assist own goal,opta,plstats.assist_own_goal,season,football,1,2016-17,2026-27,archive,none,,Pulse season totals. Verbatim API; omitted zeros filled only in style.py.
assist_pass_lost,assist pass lost,opta,plstats.assist_pass_lost,season,football,1,2016-17,2026-27,archive,none,,Pulse season totals. Verbatim API; omitted zeros filled only in style.py.
assist_penalty_won,assist penalty won,opta,plstats.assist_penalty_won,season,football,1,2016-17,2026-27,archive,none,,Pulse season totals. Verbatim API; omitted zeros filled only in style.py.
assist_post,assist post,opta,plstats.assist_post,season,football,1,2016-17,2026-27,archive,none,,Pulse season totals. Verbatim API; omitted zeros filled only in style.py.
att_assist_openplay,att assist openplay,opta,plstats.att_assist_openplay,season,football,1,2016-17,2026-27,archive,none,,Pulse season totals. Verbatim API; omitted zeros filled only in style.py.
att_assist_setplay,att assist setplay,opta,plstats.att_assist_setplay,season,football,1,2016-17,2026-27,archive,none,,Pulse season totals. Verbatim API; omitted zeros filled only in style.py.
att_bx_centre,att bx centre,opta,plstats.att_bx_centre,season,football,1,2016-17,2026-27,archive,none,,Pulse season totals. Verbatim API; omitted zeros filled only in style.py.
att_bx_left,att bx left,opta,plstats.att_bx_left,season,football,1,2016-17,2026-27,archive,none,,Pulse season totals. Verbatim API; omitted zeros filled only in style.py.
att_bx_right,att bx right,opta,plstats.att_bx_right,season,football,1,2016-17,2026-27,archive,none,,Pulse season totals. Verbatim API; omitted zeros filled only in style.py.
att_cmiss_high,att cmiss high,opta,plstats.att_cmiss_high,season,football,1,2016-17,2026-27,archive,none,,Pulse season totals. Verbatim API; omitted zeros filled only in style.py.
att_cmiss_high_left,att cmiss high left,opta,plstats.att_cmiss_high_left,season,football,1,2016-17,2026-27,archive,none,,Pulse season totals. Verbatim API; omitted zeros filled only in style.py.
att_cmiss_high_right,att cmiss high right,opta,plstats.att_cmiss_high_right,season,football,1,2016-17,2026-27,archive,none,,Pulse season totals. Verbatim API; omitted zeros filled only in style.py.
att_cmiss_left,att cmiss left,opta,plstats.att_cmiss_left,season,football,1,2016-17,2026-27,archive,none,,Pulse season totals. Verbatim API; omitted zeros filled only in style.py.
att_cmiss_right,att cmiss right,opta,plstats.att_cmiss_right,season,football,1,2016-17,2026-27,archive,none,,Pulse season totals. Verbatim API; omitted zeros filled only in style.py.
att_corner,att corner,opta,plstats.att_corner,season,football,1,2016-17,2026-27,archive,none,,Pulse season totals. Verbatim API; omitted zeros filled only in style.py.
att_fastbreak,att fastbreak,opta,plstats.att_fastbreak,season,football,1,2016-17,2026-27,archive,none,,Pulse season totals. Verbatim API; omitted zeros filled only in style.py.
att_freekick_goal,att freekick goal,opta,plstats.att_freekick_goal,season,football,1,2016-17,2026-27,archive,none,,Pulse season totals. Verbatim API; omitted zeros filled only in style.py.
att_freekick_miss,att freekick miss,opta,plstats.att_freekick_miss,season,football,1,2016-17,2026-27,archive,none,,Pulse season totals. Verbatim API; omitted zeros filled only in style.py.
att_freekick_post,att freekick post,opta,plstats.att_freekick_post,season,football,1,2016-17,2026-27,archive,none,,Pulse season totals. Verbatim API; omitted zeros filled only in style.py.
att_freekick_target,att freekick target,opta,plstats.att_freekick_target,season,football,1,2016-17,2026-27,archive,none,,Pulse season totals. Verbatim API; omitted zeros filled only in style.py.
att_freekick_total,att freekick total,opta,plstats.att_freekick_total,season,football,1,2016-17,2026-27,archive,none,,Pulse season totals. Verbatim API; omitted zeros filled only in style.py.
att_goal_high_centre,att goal high centre,opta,plstats.att_goal_high_centre,season,football,1,2016-17,2026-27,archive,none,,Pulse season totals. Verbatim API; omitted zeros filled only in style.py.
att_goal_high_left,att goal high left,opta,plstats.att_goal_high_left,season,football,1,2016-17,2026-27,archive,none,,Pulse season totals. Verbatim API; omitted zeros filled only in style.py.
att_goal_high_right,att goal high right,opta,plstats.att_goal_high_right,season,football,1,2016-17,2026-27,archive,none,,Pulse season totals. Verbatim API; omitted zeros filled only in style.py.
att_goal_low_centre,att goal low centre,opta,plstats.att_goal_low_centre,season,football,1,2016-17,2026-27,archive,none,,Pulse season totals. Verbatim API; omitted zeros filled only in style.py.
att_goal_low_left,att goal low left,opta,plstats.att_goal_low_left,season,football,1,2016-17,2026-27,archive,none,,Pulse season totals. Verbatim API; omitted zeros filled only in style.py.
att_goal_low_right,att goal low right,opta,plstats.att_goal_low_right,season,football,1,2016-17,2026-27,archive,none,,Pulse season totals. Verbatim API; omitted zeros filled only in style.py.
att_hd_goal,att hd goal,opta,plstats.att_hd_goal,season,football,1,2016-17,2026-27,archive,none,,Pulse season totals. Verbatim API; omitted zeros filled only in style.py.
att_hd_miss,att hd miss,opta,plstats.att_hd_miss,season,football,1,2016-17,2026-27,archive,none,,Pulse season totals. Verbatim API; omitted zeros filled only in style.py.
att_hd_post,att hd post,opta,plstats.att_hd_post,season,football,1,2016-17,2026-27,archive,none,,Pulse season totals. Verbatim API; omitted zeros filled only in style.py.
att_hd_target,att hd target,opta,plstats.att_hd_target,season,football,1,2016-17,2026-27,archive,none,,Pulse season totals. Verbatim API; omitted zeros filled only in style.py.
att_hd_total,att hd total,opta,plstats.att_hd_total,season,football,1,2016-17,2026-27,archive,clustering,,Pulse season totals. Verbatim API; omitted zeros filled only in style.py.; numerator/denominator for a style feature; the ratio is the exported metric.
att_ibox_blocked,att ibox blocked,opta,plstats.att_ibox_blocked,season,football,1,2016-17,2026-27,archive,clustering,,Pulse season totals. Verbatim API; omitted zeros filled only in style.py.; numerator/denominator for a style feature; the ratio is the exported metric.
att_ibox_goal,att ibox goal,opta,plstats.att_ibox_goal,season,football,1,2016-17,2026-27,archive,clustering,,Pulse season totals. Verbatim API; omitted zeros filled only in style.py.; numerator/denominator for a style feature; the ratio is the exported metric.
att_ibox_miss,att ibox miss,opta,plstats.att_ibox_miss,season,football,1,2016-17,2026-27,archive,clustering,,Pulse season totals. Verbatim API; omitted zeros filled only in style.py.; numerator/denominator for a style feature; the ratio is the exported metric.
att_ibox_post,att ibox post,opta,plstats.att_ibox_post,season,football,1,2016-17,2026-27,archive,clustering,,Pulse season totals. Verbatim API; omitted zeros filled only in style.py.; numerator/denominator for a style feature; the ratio is the exported metric.
att_ibox_target,att ibox target,opta,plstats.att_ibox_target,season,football,1,2016-17,2026-27,archive,clustering,,Pulse season totals. Verbatim API; omitted zeros filled only in style.py.; numerator/denominator for a style feature; the ratio is the exported metric.
att_lf_goal,att lf goal,opta,plstats.att_lf_goal,season,football,1,2016-17,2026-27,archive,none,,Pulse season totals. Verbatim API; omitted zeros filled only in style.py.
att_lf_target,att lf target,opta,plstats.att_lf_target,season,football,1,2016-17,2026-27,archive,none,,Pulse season totals. Verbatim API; omitted zeros filled only in style.py.
att_lf_total,att lf total,opta,plstats.att_lf_total,season,football,1,2016-17,2026-27,archive,none,,Pulse season totals. Verbatim API; omitted zeros filled only in style.py.
att_lg_centre,att lg centre,opta,plstats.att_lg_centre,season,football,1,2016-17,2026-27,archive,none,,Pulse season totals. Verbatim API; omitted zeros filled only in style.py.
att_lg_left,att lg left,opta,plstats.att_lg_left,season,football,1,2016-17,2026-27,archive,none,,Pulse season totals. Verbatim API; omitted zeros filled only in style.py.; absent 2019-20
att_lg_right,att lg right,opta,plstats.att_lg_right,season,football,1,2016-17,2026-27,archive,none,,Pulse season totals. Verbatim API; omitted zeros filled only in style.py.
att_miss_high,att miss high,opta,plstats.att_miss_high,season,football,1,2016-17,2026-27,archive,none,,Pulse season totals. Verbatim API; omitted zeros filled only in style.py.
att_miss_high_left,att miss high left,opta,plstats.att_miss_high_left,season,football,1,2016-17,2026-27,archive,none,,Pulse season totals. Verbatim API; omitted zeros filled only in style.py.
att_miss_high_right,att miss high right,opta,plstats.att_miss_high_right,season,football,1,2016-17,2026-27,archive,none,,Pulse season totals. Verbatim API; omitted zeros filled only in style.py.
att_miss_left,att miss left,opta,plstats.att_miss_left,season,football,1,2016-17,2026-27,archive,none,,Pulse season totals. Verbatim API; omitted zeros filled only in style.py.
att_miss_right,att miss right,opta,plstats.att_miss_right,season,football,1,2016-17,2026-27,archive,none,,Pulse season totals. Verbatim API; omitted zeros filled only in style.py.
att_obox_blocked,att obox blocked,opta,plstats.att_obox_blocked,season,football,1,2016-17,2026-27,archive,none,,Pulse season totals. Verbatim API; omitted zeros filled only in style.py.
att_obox_goal,att obox goal,opta,plstats.att_obox_goal,season,football,1,2016-17,2026-27,archive,none,,Pulse season totals. Verbatim API; omitted zeros filled only in style.py.
att_obox_miss,att obox miss,opta,plstats.att_obox_miss,season,football,1,2016-17,2026-27,archive,none,,Pulse season totals. Verbatim API; omitted zeros filled only in style.py.
att_obox_post,att obox post,opta,plstats.att_obox_post,season,football,1,2016-17,2026-27,archive,none,,Pulse season totals. Verbatim API; omitted zeros filled only in style.py.
att_obox_target,att obox target,opta,plstats.att_obox_target,season,football,1,2016-17,2026-27,archive,none,,Pulse season totals. Verbatim API; omitted zeros filled only in style.py.
att_obp_goal,att obp goal,opta,plstats.att_obp_goal,season,football,1,2016-17,2025-26,archive,none,,Pulse season totals. Verbatim API; omitted zeros filled only in style.py.
att_obx_centre,att obx centre,opta,plstats.att_obx_centre,season,football,1,2016-17,2026-27,archive,none,,Pulse season totals. Verbatim API; omitted zeros filled only in style.py.
att_obx_left,att obx left,opta,plstats.att_obx_left,season,football,1,2016-17,2026-27,archive,none,,Pulse season totals. Verbatim API; omitted zeros filled only in style.py.
att_obx_right,att obx right,opta,plstats.att_obx_right,season,football,1,2016-17,2026-27,archive,none,,Pulse season totals. Verbatim API; omitted zeros filled only in style.py.
att_obxd_left,att obxd left,opta,plstats.att_obxd_left,season,football,1,2016-17,2026-27,archive,none,,Pulse season totals. Verbatim API; omitted zeros filled only in style.py.
att_obxd_right,att obxd right,opta,plstats.att_obxd_right,season,football,1,2016-17,2026-27,archive,none,,Pulse season totals. Verbatim API; omitted zeros filled only in style.py.
att_one_on_one,att one on one,opta,plstats.att_one_on_one,season,football,1,2016-17,2026-27,archive,none,,Pulse season totals. Verbatim API; omitted zeros filled only in style.py.
att_openplay,att openplay,opta,plstats.att_openplay,season,football,1,2016-17,2026-27,archive,none,,Pulse season totals. Verbatim API; omitted zeros filled only in style.py.
att_pen_goal,att pen goal,opta,plstats.att_pen_goal,season,football,1,2016-17,2026-27,archive,none,,Pulse season totals. Verbatim API; omitted zeros filled only in style.py.
att_pen_miss,att pen miss,opta,plstats.att_pen_miss,season,football,1,2016-17,2025-26,archive,none,,"Pulse season totals. Verbatim API; omitted zeros filled only in style.py.; absent 2019-20, 2024-25"
att_pen_post,att pen post,opta,plstats.att_pen_post,season,football,1,2016-17,2026-27,archive,none,,Pulse season totals. Verbatim API; omitted zeros filled only in style.py.
att_pen_target,att pen target,opta,plstats.att_pen_target,season,football,1,2016-17,2026-27,archive,none,,Pulse season totals. Verbatim API; omitted zeros filled only in style.py.
att_post_high,att post high,opta,plstats.att_post_high,season,football,1,2016-17,2026-27,archive,none,,Pulse season totals. Verbatim API; omitted zeros filled only in style.py.
att_post_left,att post left,opta,plstats.att_post_left,season,football,1,2016-17,2026-27,archive,none,,Pulse season totals. Verbatim API; omitted zeros filled only in style.py.
att_post_right,att post right,opta,plstats.att_post_right,season,football,1,2016-17,2026-27,archive,none,,Pulse season totals. Verbatim API; omitted zeros filled only in style.py.
att_rf_goal,att rf goal,opta,plstats.att_rf_goal,season,football,1,2016-17,2026-27,archive,none,,Pulse season totals. Verbatim API; omitted zeros filled only in style.py.
att_rf_target,att rf target,opta,plstats.att_rf_target,season,football,1,2016-17,2026-27,archive,none,,Pulse season totals. Verbatim API; omitted zeros filled only in style.py.
att_rf_total,att rf total,opta,plstats.att_rf_total,season,football,1,2016-17,2026-27,archive,none,,Pulse season totals. Verbatim API; omitted zeros filled only in style.py.
att_setpiece,att setpiece,opta,plstats.att_setpiece,season,football,1,2016-17,2026-27,archive,none,,Pulse season totals. Verbatim API; omitted zeros filled only in style.py.
att_sv_high_centre,att sv high centre,opta,plstats.att_sv_high_centre,season,football,1,2016-17,2026-27,archive,none,,Pulse season totals. Verbatim API; omitted zeros filled only in style.py.
att_sv_high_left,att sv high left,opta,plstats.att_sv_high_left,season,football,1,2016-17,2026-27,archive,none,,Pulse season totals. Verbatim API; omitted zeros filled only in style.py.
att_sv_high_right,att sv high right,opta,plstats.att_sv_high_right,season,football,1,2016-17,2026-27,archive,none,,Pulse season totals. Verbatim API; omitted zeros filled only in style.py.
att_sv_low_centre,att sv low centre,opta,plstats.att_sv_low_centre,season,football,1,2016-17,2026-27,archive,none,,Pulse season totals. Verbatim API; omitted zeros filled only in style.py.
att_sv_low_left,att sv low left,opta,plstats.att_sv_low_left,season,football,1,2016-17,2026-27,archive,none,,Pulse season totals. Verbatim API; omitted zeros filled only in style.py.
att_sv_low_right,att sv low right,opta,plstats.att_sv_low_right,season,football,1,2016-17,2026-27,archive,none,,Pulse season totals. Verbatim API; omitted zeros filled only in style.py.
attempted_tackle_foul,attempted tackle foul,opta,plstats.attempted_tackle_foul,season,football,1,2016-17,2026-27,archive,none,,Pulse season totals. Verbatim API; omitted zeros filled only in style.py.
attempts_conceded_ibox,attempts conceded ibox,opta,plstats.attempts_conceded_ibox,season,football,1,2016-17,2026-27,archive,none,,Pulse season totals. Verbatim API; omitted zeros filled only in style.py.
attempts_conceded_obox,attempts conceded obox,opta,plstats.attempts_conceded_obox,season,football,1,2016-17,2026-27,archive,none,,Pulse season totals. Verbatim API; omitted zeros filled only in style.py.
attempts_ibox,attempts ibox,opta,plstats.attempts_ibox,season,football,1,2016-17,2026-27,archive,none,,Pulse season totals. Verbatim API; omitted zeros filled only in style.py.
attempts_obox,attempts obox,opta,plstats.attempts_obox,season,football,1,2016-17,2026-27,archive,none,,Pulse season totals. Verbatim API; omitted zeros filled only in style.py.
back_pass,back pass,opta,plstats.back_pass,season,football,1,2016-17,2024-25,archive,none,,"Pulse season totals. Verbatim API; omitted zeros filled only in style.py.; absent 2017-18, 2021-22, 2023-24"
backward_pass,backward pass,opta,plstats.backward_pass,season,football,1,2016-17,2026-27,archive,clustering,,Pulse season totals. Verbatim API; omitted zeros filled only in style.py.; numerator/denominator for a style feature; the ratio is the exported metric.
ball_recovery,ball recovery,opta,plstats.ball_recovery,season,football,1,2016-17,2026-27,archive,clustering,,Pulse season totals. Verbatim API; omitted zeros filled only in style.py.; numerator/denominator for a style feature; the ratio is the exported metric.
big_chance_created,big chance created,opta,plstats.big_chance_created,season,football,1,2016-17,2026-27,archive,none,,Pulse season totals. Verbatim API; omitted zeros filled only in style.py.
big_chance_missed,big chance missed,opta,plstats.big_chance_missed,season,football,1,2016-17,2026-27,archive,none,,Pulse season totals. Verbatim API; omitted zeros filled only in style.py.
big_chance_saves,big chance saves,opta,plstats.big_chance_saves,season,football,1,2021-22,2026-27,archive,none,,Pulse season totals. Verbatim API; omitted zeros filled only in style.py.; absent 2022-23
big_chance_scored,big chance scored,opta,plstats.big_chance_scored,season,football,1,2016-17,2026-27,archive,none,,Pulse season totals. Verbatim API; omitted zeros filled only in style.py.
blocked_cross,blocked cross,opta,plstats.blocked_cross,season,football,1,2016-17,2026-27,archive,none,,Pulse season totals. Verbatim API; omitted zeros filled only in style.py.
blocked_pass,blocked pass,opta,plstats.blocked_pass,season,football,1,2016-17,2026-27,archive,none,,Pulse season totals. Verbatim API; omitted zeros filled only in style.py.
blocked_scoring_att,blocked scoring att,opta,plstats.blocked_scoring_att,season,football,1,2016-17,2026-27,archive,none,,Pulse season totals. Verbatim API; omitted zeros filled only in style.py.
carries,carries,opta,plstats.carries,season,football,1,2019-20,2026-27,archive,clustering,,"Pulse season totals. Verbatim API; omitted zeros filled only in style.py.; numerator/denominator for a style feature; the ratio is the exported metric.; absent 2020-21, 2022-23"
challenge_lost,challenge lost,opta,plstats.challenge_lost,season,football,1,2016-17,2026-27,archive,none,,Pulse season totals. Verbatim API; omitted zeros filled only in style.py.
clean_sheet,clean sheet,opta,plstats.clean_sheet,season,football,1,2016-17,2026-27,archive,none,,Pulse season totals. Verbatim API; omitted zeros filled only in style.py.
clearance_off_line,clearance off line,opta,plstats.clearance_off_line,season,football,1,2016-17,2026-27,archive,none,,Pulse season totals. Verbatim API; omitted zeros filled only in style.py.
corner_taken,corner taken,opta,plstats.corner_taken,season,football,1,2016-17,2026-27,archive,none,,Pulse season totals. Verbatim API; omitted zeros filled only in style.py.
cross_not_claimed,cross not claimed,opta,plstats.cross_not_claimed,season,football,1,2016-17,2026-27,archive,none,,Pulse season totals. Verbatim API; omitted zeros filled only in style.py.
crosses_18yard,crosses 18yard,opta,plstats.crosses_18yard,season,football,1,2016-17,2026-27,archive,none,,Pulse season totals. Verbatim API; omitted zeros filled only in style.py.
crosses_18yardplus,crosses 18yardplus,opta,plstats.crosses_18yardplus,season,football,1,2016-17,2026-27,archive,none,,Pulse season totals. Verbatim API; omitted zeros filled only in style.py.
dangerous_play,dangerous play,opta,plstats.dangerous_play,season,football,1,2016-17,2026-27,archive,none,,Pulse season totals. Verbatim API; omitted zeros filled only in style.py.
direct_setpiece_goals,direct setpiece goals,opta,plstats.direct_setpiece_goals,season,football,1,2025-26,2025-26,archive,none,,Pulse season totals. Verbatim API; omitted zeros filled only in style.py.
dispossessed,dispossessed,opta,plstats.dispossessed,season,football,1,2016-17,2026-27,archive,clustering,,Pulse season totals. Verbatim API; omitted zeros filled only in style.py.; numerator/denominator for a style feature; the ratio is the exported metric.
dive_catch,dive catch,opta,plstats.dive_catch,season,football,1,2016-17,2026-27,archive,none,,Pulse season totals. Verbatim API; omitted zeros filled only in style.py.
dive_save,dive save,opta,plstats.dive_save,season,football,1,2016-17,2026-27,archive,none,,Pulse season totals. Verbatim API; omitted zeros filled only in style.py.
diving_save,diving save,opta,plstats.diving_save,season,football,1,2016-17,2026-27,archive,none,,Pulse season totals. Verbatim API; omitted zeros filled only in style.py.
draws,draws,opta,plstats.draws,season,football,1,2016-17,2026-27,archive,none,,Pulse season totals. Verbatim API; omitted zeros filled only in style.py.
duel_lost,duel lost,opta,plstats.duel_lost,season,football,1,2016-17,2026-27,archive,clustering,,Pulse season totals. Verbatim API; omitted zeros filled only in style.py.; numerator/denominator for a style feature; the ratio is the exported metric.
duel_won,duel won,opta,plstats.duel_won,season,football,1,2016-17,2026-27,archive,clustering,,Pulse season totals. Verbatim API; omitted zeros filled only in style.py.; numerator/denominator for a style feature; the ratio is the exported metric.
effective_blocked_cross,effective blocked cross,opta,plstats.effective_blocked_cross,season,football,1,2016-17,2026-27,archive,none,,Pulse season totals. Verbatim API; omitted zeros filled only in style.py.
effective_clearance,effective clearance,opta,plstats.effective_clearance,season,football,1,2016-17,2026-27,archive,clustering,,Pulse season totals. Verbatim API; omitted zeros filled only in style.py.; numerator/denominator for a style feature; the ratio is the exported metric.
effective_head_clearance,effective head clearance,opta,plstats.effective_head_clearance,season,football,1,2016-17,2026-27,archive,none,,Pulse season totals. Verbatim API; omitted zeros filled only in style.py.
error_lead_to_goal,error lead to goal,opta,plstats.error_lead_to_goal,season,football,1,2016-17,2026-27,archive,none,,Pulse season totals. Verbatim API; omitted zeros filled only in style.py.
error_lead_to_shot,error lead to shot,opta,plstats.error_lead_to_shot,season,football,1,2016-17,2026-27,archive,none,,Pulse season totals. Verbatim API; omitted zeros filled only in style.py.
fifty_fifty,fifty fifty,opta,plstats.fifty_fifty,season,football,1,2016-17,2022-23,archive,none,,"Pulse season totals. Verbatim API; omitted zeros filled only in style.py.; absent 2017-18, 2018-19"
final_third_entries,final third entries,opta,plstats.final_third_entries,season,football,1,2016-17,2026-27,archive,none,,Pulse season totals. Verbatim API; omitted zeros filled only in style.py.
final_third_entries_open_play,final third entries open play,opta,plstats.final_third_entries_open_play,season,football,1,2023-24,2026-27,archive,none,,Pulse season totals. Verbatim API; omitted zeros filled only in style.py.
formation_place,formation place,opta,plstats.formation_place,season,football,1,2016-17,2016-17,archive,none,,Pulse season totals. Verbatim API; omitted zeros filled only in style.py.
foul_throw_in,foul throw in,opta,plstats.foul_throw_in,season,football,1,2016-17,2026-27,archive,none,,Pulse season totals. Verbatim API; omitted zeros filled only in style.py.
fouled_final_third,fouled final third,opta,plstats.fouled_final_third,season,football,1,2016-17,2026-27,archive,none,,Pulse season totals. Verbatim API; omitted zeros filled only in style.py.
fouls,fouls,opta,plstats.fouls,season,football,1,2016-17,2026-27,archive,none,,Pulse season totals. Verbatim API; omitted zeros filled only in style.py.
freekick_cross,freekick cross,opta,plstats.freekick_cross,season,football,1,2016-17,2026-27,archive,none,,Pulse season totals. Verbatim API; omitted zeros filled only in style.py.
fwd_pass,fwd pass,opta,plstats.fwd_pass,season,football,1,2016-17,2026-27,archive,clustering,,Pulse season totals. Verbatim API; omitted zeros filled only in style.py.; numerator/denominator for a style feature; the ratio is the exported metric.
game_started,game started,opta,plstats.game_started,season,football,1,2016-17,2026-27,archive,none,,Pulse season totals. Verbatim API; omitted zeros filled only in style.py.
gk_smother,gk smother,opta,plstats.gk_smother,season,football,1,2016-17,2026-27,archive,none,,Pulse season totals. Verbatim API; omitted zeros filled only in style.py.
goal_assist,goal assist,opta,plstats.goal_assist,season,football,1,2016-17,2026-27,archive,none,,Pulse season totals. Verbatim API; omitted zeros filled only in style.py.
goal_assist_deadball,goal assist deadball,opta,plstats.goal_assist_deadball,season,football,1,2016-17,2026-27,archive,none,,Pulse season totals. Verbatim API; omitted zeros filled only in style.py.
goal_assist_intentional,goal assist intentional,opta,plstats.goal_assist_intentional,season,football,1,2016-17,2026-27,archive,none,,Pulse season totals. Verbatim API; omitted zeros filled only in style.py.
goal_assist_openplay,goal assist openplay,opta,plstats.goal_assist_openplay,season,football,1,2016-17,2026-27,archive,none,,Pulse season totals. Verbatim API; omitted zeros filled only in style.py.
goal_assist_setplay,goal assist setplay,opta,plstats.goal_assist_setplay,season,football,1,2016-17,2026-27,archive,none,,Pulse season totals. Verbatim API; omitted zeros filled only in style.py.
goal_fastbreak,goal fastbreak,opta,plstats.goal_fastbreak,season,football,1,2016-17,2026-27,archive,none,,Pulse season totals. Verbatim API; omitted zeros filled only in style.py.
goal_kicks,goal kicks,opta,plstats.goal_kicks,season,football,1,2016-17,2026-27,archive,none,,Pulse season totals. Verbatim API; omitted zeros filled only in style.py.
goals,goals,opta,plstats.goals,season,football,1,2016-17,2026-27,archive,none,,Pulse season totals. Verbatim API; omitted zeros filled only in style.py.
goals_conceded,goals conceded,opta,plstats.goals_conceded,season,football,1,2016-17,2026-27,archive,none,,Pulse season totals. Verbatim API; omitted zeros filled only in style.py.
goals_conceded_ibox,goals conceded ibox,opta,plstats.goals_conceded_ibox,season,football,1,2016-17,2026-27,archive,none,,Pulse season totals. Verbatim API; omitted zeros filled only in style.py.
goals_conceded_obox,goals conceded obox,opta,plstats.goals_conceded_obox,season,football,1,2016-17,2026-27,archive,none,,Pulse season totals. Verbatim API; omitted zeros filled only in style.py.
goals_openplay,goals openplay,opta,plstats.goals_openplay,season,football,1,2016-17,2026-27,archive,none,,Pulse season totals. Verbatim API; omitted zeros filled only in style.py.
good_high_claim,good high claim,opta,plstats.good_high_claim,season,football,1,2016-17,2026-27,archive,none,,Pulse season totals. Verbatim API; omitted zeros filled only in style.py.
hand_ball,hand ball,opta,plstats.hand_ball,season,football,1,2016-17,2026-27,archive,none,,Pulse season totals. Verbatim API; omitted zeros filled only in style.py.
head_clearance,head clearance,opta,plstats.head_clearance,season,football,1,2016-17,2026-27,archive,none,,Pulse season totals. Verbatim API; omitted zeros filled only in style.py.
head_pass,head pass,opta,plstats.head_pass,season,football,1,2016-17,2026-27,archive,none,,Pulse season totals. Verbatim API; omitted zeros filled only in style.py.
hit_woodwork,hit woodwork,opta,plstats.hit_woodwork,season,football,1,2016-17,2026-27,archive,none,,Pulse season totals. Verbatim API; omitted zeros filled only in style.py.
interception,interception,opta,plstats.interception,season,football,1,2016-17,2026-27,archive,none,,Pulse season totals. Verbatim API; omitted zeros filled only in style.py.
interception_won,interception won,opta,plstats.interception_won,season,football,1,2016-17,2026-27,archive,none,,Pulse season totals. Verbatim API; omitted zeros filled only in style.py.
interceptions_in_box,interceptions in box,opta,plstats.interceptions_in_box,season,football,1,2016-17,2026-27,archive,none,,Pulse season totals. Verbatim API; omitted zeros filled only in style.py.
keeper_pick_up,keeper pick up,opta,plstats.keeper_pick_up,season,football,1,2016-17,2026-27,archive,none,,Pulse season totals. Verbatim API; omitted zeros filled only in style.py.
keeper_throws,keeper throws,opta,plstats.keeper_throws,season,football,1,2016-17,2026-27,archive,none,,Pulse season totals. Verbatim API; omitted zeros filled only in style.py.
last_man_tackle,last man tackle,opta,plstats.last_man_tackle,season,football,1,2016-17,2026-27,archive,none,,Pulse season totals. Verbatim API; omitted zeros filled only in style.py.
leftside_pass,leftside pass,opta,plstats.leftside_pass,season,football,1,2016-17,2026-27,archive,none,,Pulse season totals. Verbatim API; omitted zeros filled only in style.py.
long_pass_own_to_opp,long pass own to opp,opta,plstats.long_pass_own_to_opp,season,football,1,2016-17,2026-27,archive,none,,Pulse season totals. Verbatim API; omitted zeros filled only in style.py.
long_pass_own_to_opp_success,long pass own to opp success,opta,plstats.long_pass_own_to_opp_success,season,football,1,2016-17,2026-27,archive,none,,Pulse season totals. Verbatim API; omitted zeros filled only in style.py.
losses,losses,opta,plstats.losses,season,football,1,2016-17,2026-27,archive,none,,Pulse season totals. Verbatim API; omitted zeros filled only in style.py.
lost_corners,lost corners,opta,plstats.lost_corners,season,football,1,2016-17,2026-27,archive,none,,Pulse season totals. Verbatim API; omitted zeros filled only in style.py.
mins_played,mins played,opta,plstats.mins_played,season,football,1,2016-17,2026-27,archive,none,,Pulse season totals. Verbatim API; omitted zeros filled only in style.py.
offside_provoked,offside provoked,opta,plstats.offside_provoked,season,football,1,2016-17,2026-27,archive,none,,Pulse season totals. Verbatim API; omitted zeros filled only in style.py.
offtarget_att_assist,offtarget att assist,opta,plstats.offtarget_att_assist,season,football,1,2016-17,2026-27,archive,none,,Pulse season totals. Verbatim API; omitted zeros filled only in style.py.
ontarget_att_assist,ontarget att assist,opta,plstats.ontarget_att_assist,season,football,1,2016-17,2026-27,archive,none,,Pulse season totals. Verbatim API; omitted zeros filled only in style.py.
ontarget_scoring_att,ontarget scoring att,opta,plstats.ontarget_scoring_att,season,football,1,2016-17,2026-27,archive,none,,Pulse season totals. Verbatim API; omitted zeros filled only in style.py.
open_play_pass,open play pass,opta,plstats.open_play_pass,season,football,1,2016-17,2026-27,archive,none,,Pulse season totals. Verbatim API; omitted zeros filled only in style.py.
outfielder_block,outfielder block,opta,plstats.outfielder_block,season,football,1,2016-17,2026-27,archive,none,,Pulse season totals. Verbatim API; omitted zeros filled only in style.py.
overrun,overrun,opta,plstats.overrun,season,football,1,2016-17,2026-27,archive,none,,Pulse season totals. Verbatim API; omitted zeros filled only in style.py.
own_goals,own goals,opta,plstats.own_goals,season,football,1,2016-17,2026-27,archive,none,,Pulse season totals. Verbatim API; omitted zeros filled only in style.py.
own_goals_conceded,own goals conceded,opta,plstats.own_goals_conceded,season,football,1,2024-25,2026-27,archive,none,,Pulse season totals. Verbatim API; omitted zeros filled only in style.py.
passes_left,passes left,opta,plstats.passes_left,season,football,1,2016-17,2026-27,archive,none,,Pulse season totals. Verbatim API; omitted zeros filled only in style.py.
passes_right,passes right,opta,plstats.passes_right,season,football,1,2016-17,2026-27,archive,none,,Pulse season totals. Verbatim API; omitted zeros filled only in style.py.
pen_area_entries,pen area entries,opta,plstats.pen_area_entries,season,football,1,2016-17,2026-27,archive,none,,Pulse season totals. Verbatim API; omitted zeros filled only in style.py.
pen_area_entries_open_play,pen area entries open play,opta,plstats.pen_area_entries_open_play,season,football,1,2023-24,2026-27,archive,none,,Pulse season totals. Verbatim API; omitted zeros filled only in style.py.
pen_goals_conceded,pen goals conceded,opta,plstats.pen_goals_conceded,season,football,1,2016-17,2026-27,archive,none,,Pulse season totals. Verbatim API; omitted zeros filled only in style.py.
penalty_conceded,penalty conceded,opta,plstats.penalty_conceded,season,football,1,2016-17,2026-27,archive,none,,Pulse season totals. Verbatim API; omitted zeros filled only in style.py.
penalty_faced,penalty faced,opta,plstats.penalty_faced,season,football,1,2016-17,2026-27,archive,none,,Pulse season totals. Verbatim API; omitted zeros filled only in style.py.
penalty_save,penalty save,opta,plstats.penalty_save,season,football,1,2016-17,2026-27,archive,none,,Pulse season totals. Verbatim API; omitted zeros filled only in style.py.
penalty_won,penalty won,opta,plstats.penalty_won,season,football,1,2016-17,2026-27,archive,none,,Pulse season totals. Verbatim API; omitted zeros filled only in style.py.
poss_lost_all,poss lost all,opta,plstats.poss_lost_all,season,football,1,2016-17,2026-27,archive,none,,Pulse season totals. Verbatim API; omitted zeros filled only in style.py.
poss_lost_ctrl,poss lost ctrl,opta,plstats.poss_lost_ctrl,season,football,1,2016-17,2026-27,archive,none,,Pulse season totals. Verbatim API; omitted zeros filled only in style.py.
poss_won_att_3rd,poss won att 3rd,opta,plstats.poss_won_att_3rd,season,football,1,2016-17,2026-27,archive,clustering,,Pulse season totals. Verbatim API; omitted zeros filled only in style.py.; numerator/denominator for a style feature; the ratio is the exported metric.
poss_won_def_3rd,poss won def 3rd,opta,plstats.poss_won_def_3rd,season,football,1,2016-17,2026-27,archive,clustering,,Pulse season totals. Verbatim API; omitted zeros filled only in style.py.; numerator/denominator for a style feature; the ratio is the exported metric.
poss_won_mid_3rd,poss won mid 3rd,opta,plstats.poss_won_mid_3rd,season,football,1,2016-17,2026-27,archive,clustering,,Pulse season totals. Verbatim API; omitted zeros filled only in style.py.; numerator/denominator for a style feature; the ratio is the exported metric.
post_scoring_att,post scoring att,opta,plstats.post_scoring_att,season,football,1,2016-17,2026-27,archive,none,,Pulse season totals. Verbatim API; omitted zeros filled only in style.py.
progressive_carries,progressive carries,opta,plstats.progressive_carries,season,football,1,2019-20,2026-27,archive,clustering,,"Pulse season totals. Verbatim API; omitted zeros filled only in style.py.; numerator/denominator for a style feature; the ratio is the exported metric.; absent 2020-21, 2022-23"
punches,punches,opta,plstats.punches,season,football,1,2016-17,2026-27,archive,none,,Pulse season totals. Verbatim API; omitted zeros filled only in style.py.
put_through,put through,opta,plstats.put_through,season,football,1,2016-17,2026-27,archive,none,,Pulse season totals. Verbatim API; omitted zeros filled only in style.py.
red_card,red card,opta,plstats.red_card,season,football,1,2016-17,2026-27,archive,none,,Pulse season totals. Verbatim API; omitted zeros filled only in style.py.
rescinded_red_card,rescinded red card,opta,plstats.rescinded_red_card,season,football,1,2017-18,2024-25,archive,none,,"Pulse season totals. Verbatim API; omitted zeros filled only in style.py.; absent 2018-19, 2020-21, 2021-22, 2022-23, 2023-24"
rightside_pass,rightside pass,opta,plstats.rightside_pass,season,football,1,2016-17,2026-27,archive,none,,Pulse season totals. Verbatim API; omitted zeros filled only in style.py.
saved_ibox,saved ibox,opta,plstats.saved_ibox,season,football,1,2016-17,2026-27,archive,none,,Pulse season totals. Verbatim API; omitted zeros filled only in style.py.
saved_obox,saved obox,opta,plstats.saved_obox,season,football,1,2016-17,2026-27,archive,none,,Pulse season totals. Verbatim API; omitted zeros filled only in style.py.
saves,saves,opta,plstats.saves,season,football,1,2016-17,2026-27,archive,none,,Pulse season totals. Verbatim API; omitted zeros filled only in style.py.
second_goal_assist,second goal assist,opta,plstats.second_goal_assist,season,football,1,2016-17,2026-27,archive,none,,Pulse season totals. Verbatim API; omitted zeros filled only in style.py.
second_yellow,second yellow,opta,plstats.second_yellow,season,football,1,2016-17,2026-27,archive,none,,Pulse season totals. Verbatim API; omitted zeros filled only in style.py.
shield_ball_oop,shield ball oop,opta,plstats.shield_ball_oop,season,football,1,2016-17,2026-27,archive,none,,Pulse season totals. Verbatim API; omitted zeros filled only in style.py.
shot_created,shot created,opta,plstats.shot_created,season,football,1,2023-24,2026-27,archive,none,,Pulse season totals. Verbatim API; omitted zeros filled only in style.py.
shot_fastbreak,shot fastbreak,opta,plstats.shot_fastbreak,season,football,1,2016-17,2026-27,archive,none,,Pulse season totals. Verbatim API; omitted zeros filled only in style.py.
shot_off_target,shot off target,opta,plstats.shot_off_target,season,football,1,2016-17,2026-27,archive,none,,Pulse season totals. Verbatim API; omitted zeros filled only in style.py.
six_yard_block,six yard block,opta,plstats.six_yard_block,season,football,1,2016-17,2026-27,archive,none,,Pulse season totals. Verbatim API; omitted zeros filled only in style.py.
stand_catch,stand catch,opta,plstats.stand_catch,season,football,1,2016-17,2026-27,archive,none,,Pulse season totals. Verbatim API; omitted zeros filled only in style.py.
stand_save,stand save,opta,plstats.stand_save,season,football,1,2016-17,2026-27,archive,none,,Pulse season totals. Verbatim API; omitted zeros filled only in style.py.
successful_fifty_fifty,successful fifty fifty,opta,plstats.successful_fifty_fifty,season,football,1,2016-17,2022-23,archive,none,,"Pulse season totals. Verbatim API; omitted zeros filled only in style.py.; absent 2017-18, 2018-19, 2019-20"
successful_final_third_entries,successful final third entries,opta,plstats.successful_final_third_entries,season,football,1,2023-24,2026-27,archive,none,,Pulse season totals. Verbatim API; omitted zeros filled only in style.py.
successful_final_third_entries_open_play,successful final third entries open play,opta,plstats.successful_final_third_entries_open_play,season,football,1,2023-24,2026-27,archive,none,,Pulse season totals. Verbatim API; omitted zeros filled only in style.py.
successful_final_third_passes,successful final third passes,opta,plstats.successful_final_third_passes,season,football,1,2016-17,2026-27,archive,none,,Pulse season totals. Verbatim API; omitted zeros filled only in style.py.
successful_open_play_pass,successful open play pass,opta,plstats.successful_open_play_pass,season,football,1,2016-17,2026-27,archive,none,,Pulse season totals. Verbatim API; omitted zeros filled only in style.py.
successful_pen_area_entries,successful pen area entries,opta,plstats.successful_pen_area_entries,season,football,1,2023-24,2026-27,archive,none,,Pulse season totals. Verbatim API; omitted zeros filled only in style.py.
successful_pen_area_entries_open_play,successful pen area entries open play,opta,plstats.successful_pen_area_entries_open_play,season,football,1,2023-24,2026-27,archive,none,,Pulse season totals. Verbatim API; omitted zeros filled only in style.py.
successful_put_through,successful put through,opta,plstats.successful_put_through,season,football,1,2016-17,2026-27,archive,none,,Pulse season totals. Verbatim API; omitted zeros filled only in style.py.
times_tackled,times tackled,opta,plstats.times_tackled,season,football,1,2016-17,2026-27,archive,none,,Pulse season totals. Verbatim API; omitted zeros filled only in style.py.
total_att_assist,total att assist,opta,plstats.total_att_assist,season,football,1,2016-17,2026-27,archive,none,,Pulse season totals. Verbatim API; omitted zeros filled only in style.py.
total_back_zone_pass,total back zone pass,opta,plstats.total_back_zone_pass,season,football,1,2016-17,2026-27,archive,none,,Pulse season totals. Verbatim API; omitted zeros filled only in style.py.
total_chipped_pass,total chipped pass,opta,plstats.total_chipped_pass,season,football,1,2016-17,2026-27,archive,none,,Pulse season totals. Verbatim API; omitted zeros filled only in style.py.
total_clearance,total clearance,opta,plstats.total_clearance,season,football,1,2016-17,2026-27,archive,none,,Pulse season totals. Verbatim API; omitted zeros filled only in style.py.
total_contest,total contest,opta,plstats.total_contest,season,football,1,2016-17,2026-27,archive,clustering,,Pulse season totals. Verbatim API; omitted zeros filled only in style.py.; numerator/denominator for a style feature; the ratio is the exported metric.
total_corners_intobox,total corners intobox,opta,plstats.total_corners_intobox,season,football,1,2016-17,2026-27,archive,none,,Pulse season totals. Verbatim API; omitted zeros filled only in style.py.
total_cross,total cross,opta,plstats.total_cross,season,football,1,2016-17,2026-27,archive,clustering,,Pulse season totals. Verbatim API; omitted zeros filled only in style.py.; numerator/denominator for a style feature; the ratio is the exported metric.
total_cross_nocorner,total cross nocorner,opta,plstats.total_cross_nocorner,season,football,1,2016-17,2026-27,archive,none,,Pulse season totals. Verbatim API; omitted zeros filled only in style.py.
total_distance_in_m,total distance in m,opta,plstats.total_distance_in_m,season,football,1,2016-17,2018-19,archive,none,,Pulse season totals. Verbatim API; omitted zeros filled only in style.py.
total_fastbreak,total fastbreak,opta,plstats.total_fastbreak,season,football,1,2016-17,2026-27,archive,none,,Pulse season totals. Verbatim API; omitted zeros filled only in style.py.
total_final_third_passes,total final third passes,opta,plstats.total_final_third_passes,season,football,1,2016-17,2026-27,archive,none,,Pulse season totals. Verbatim API; omitted zeros filled only in style.py.
total_flick_on,total flick on,opta,plstats.total_flick_on,season,football,1,2016-17,2026-27,archive,none,,Pulse season totals. Verbatim API; omitted zeros filled only in style.py.
total_fwd_zone_pass,total fwd zone pass,opta,plstats.total_fwd_zone_pass,season,football,1,2016-17,2026-27,archive,clustering,,Pulse season totals. Verbatim API; omitted zeros filled only in style.py.; numerator/denominator for a style feature; the ratio is the exported metric.
total_high_claim,total high claim,opta,plstats.total_high_claim,season,football,1,2016-17,2026-27,archive,none,,Pulse season totals. Verbatim API; omitted zeros filled only in style.py.
total_keeper_sweeper,total keeper sweeper,opta,plstats.total_keeper_sweeper,season,football,1,2016-17,2026-27,archive,none,,Pulse season totals. Verbatim API; omitted zeros filled only in style.py.
total_launches,total launches,opta,plstats.total_launches,season,football,1,2016-17,2026-27,archive,none,,Pulse season totals. Verbatim API; omitted zeros filled only in style.py.
total_layoffs,total layoffs,opta,plstats.total_layoffs,season,football,1,2016-17,2026-27,archive,none,,Pulse season totals. Verbatim API; omitted zeros filled only in style.py.
total_long_balls,total long balls,opta,plstats.total_long_balls,season,football,1,2016-17,2026-27,archive,clustering,,Pulse season totals. Verbatim API; omitted zeros filled only in style.py.; numerator/denominator for a style feature; the ratio is the exported metric.
total_offside,total offside,opta,plstats.total_offside,season,football,1,2016-17,2026-27,archive,none,,Pulse season totals. Verbatim API; omitted zeros filled only in style.py.
total_pass,total pass,opta,plstats.total_pass,season,football,1,2016-17,2026-27,archive,clustering,,Pulse season totals. Verbatim API; omitted zeros filled only in style.py.; numerator/denominator for a style feature; the ratio is the exported metric.
total_pull_back,total pull back,opta,plstats.total_pull_back,season,football,1,2016-17,2026-27,archive,none,,Pulse season totals. Verbatim API; omitted zeros filled only in style.py.
total_scoring_att,total scoring att,opta,plstats.total_scoring_att,season,football,1,2016-17,2026-27,archive,clustering,,Pulse season totals. Verbatim API; omitted zeros filled only in style.py.; numerator/denominator for a style feature; the ratio is the exported metric.
total_sub_off,total sub off,opta,plstats.total_sub_off,season,football,1,2016-17,2026-27,archive,none,,Pulse season totals. Verbatim API; omitted zeros filled only in style.py.
total_sub_on,total sub on,opta,plstats.total_sub_on,season,football,1,2016-17,2026-27,archive,none,,Pulse season totals. Verbatim API; omitted zeros filled only in style.py.
total_tackle,total tackle,opta,plstats.total_tackle,season,football,1,2016-17,2026-27,archive,clustering,,Pulse season totals. Verbatim API; omitted zeros filled only in style.py.; numerator/denominator for a style feature; the ratio is the exported metric.
total_through_ball,total through ball,opta,plstats.total_through_ball,season,football,1,2016-17,2026-27,archive,clustering,,Pulse season totals. Verbatim API; omitted zeros filled only in style.py.; numerator/denominator for a style feature; the ratio is the exported metric.
total_throws,total throws,opta,plstats.total_throws,season,football,1,2016-17,2026-27,archive,none,,Pulse season totals. Verbatim API; omitted zeros filled only in style.py.
touches,touches,opta,plstats.touches,season,football,1,2016-17,2026-27,archive,clustering,,Pulse season totals. Verbatim API; omitted zeros filled only in style.py.; numerator/denominator for a style feature; the ratio is the exported metric.
touches_in_final_third,touches in final third,opta,plstats.touches_in_final_third,season,football,1,2019-20,2026-27,archive,clustering,,"Pulse season totals. Verbatim API; omitted zeros filled only in style.py.; numerator/denominator for a style feature; the ratio is the exported metric.; absent 2020-21, 2022-23"
touches_in_opp_box,touches in opp box,opta,plstats.touches_in_opp_box,season,football,1,2016-17,2026-27,archive,clustering,,Pulse season totals. Verbatim API; omitted zeros filled only in style.py.; numerator/denominator for a style feature; the ratio is the exported metric.
turnover,turnover,opta,plstats.turnover,season,football,1,2016-17,2026-27,archive,none,,Pulse season totals. Verbatim API; omitted zeros filled only in style.py.
unsuccessful_touch,unsuccessful touch,opta,plstats.unsuccessful_touch,season,football,1,2016-17,2026-27,archive,clustering,,Pulse season totals. Verbatim API; omitted zeros filled only in style.py.; numerator/denominator for a style feature; the ratio is the exported metric.
was_fouled,was fouled,opta,plstats.was_fouled,season,football,1,2016-17,2026-27,archive,none,,Pulse season totals. Verbatim API; omitted zeros filled only in style.py.
winning_goal,winning goal,opta,plstats.winning_goal,season,football,1,2016-17,2026-27,archive,none,,Pulse season totals. Verbatim API; omitted zeros filled only in style.py.
wins,wins,opta,plstats.wins,season,football,1,2016-17,2026-27,archive,none,,Pulse season totals. Verbatim API; omitted zeros filled only in style.py.
won_contest,won contest,opta,plstats.won_contest,season,football,1,2016-17,2026-27,archive,clustering,,Pulse season totals. Verbatim API; omitted zeros filled only in style.py.; numerator/denominator for a style feature; the ratio is the exported metric.
won_corners,won corners,opta,plstats.won_corners,season,football,1,2016-17,2026-27,archive,none,,Pulse season totals. Verbatim API; omitted zeros filled only in style.py.
won_tackle,won tackle,opta,plstats.won_tackle,season,football,1,2016-17,2026-27,archive,none,,Pulse season totals. Verbatim API; omitted zeros filled only in style.py.
yellow_card,yellow card,opta,plstats.yellow_card,season,football,1,2016-17,2026-27,archive,none,,Pulse season totals. Verbatim API; omitted zeros filled only in style.py.
chance_of_playing_next_round,Chance of playing next round,fplcache,bootstrap.elements.chance_of_playing_next_round,snapshot,fantasy,1,2020-21,2026-27,archive,none,,snap_player_day only. Never exported to web/data.
news,News,fplcache,bootstrap.elements.news,snapshot,fantasy,1,2020-21,2026-27,archive,none,,snap_player_day only. Never exported to web/data.
status,Availability status,fplcache,bootstrap.elements.status,snapshot,fantasy,1,2020-21,2026-27,archive,none,,snap_player_day only. Never exported to web/data.
transfers_in_event,Transfers in (GW),fplcache,bootstrap.elements.transfers_in_event,snapshot,fantasy,1,2020-21,2026-27,archive,none,,snap_player_day only. Never exported to web/data.
transfers_out_event,Transfers out (GW),fplcache,bootstrap.elements.transfers_out_event,snapshot,fantasy,1,2020-21,2026-27,archive,none,,snap_player_day only. Never exported to web/data.
assists,Assists,fpl,event.live.explain[].stats.assists,fixture,fantasy,1,2026-27,2026-27,core,profile,,"points breakdown per fixture. Omitted from matchlogs when the GW has no live file. Include every component FPL returned, including zero-point minutes."
bonus,Bonus,fpl,event.live.explain[].stats.bonus,fixture,fantasy,1,2026-27,2026-27,core,profile,,"points breakdown per fixture. Omitted from matchlogs when the GW has no live file. Include every component FPL returned, including zero-point minutes."
clean_sheets,Clean sheets,fpl,event.live.explain[].stats.clean_sheets,fixture,fantasy,1,2026-27,2026-27,core,profile,,"points breakdown per fixture. Omitted from matchlogs when the GW has no live file. Include every component FPL returned, including zero-point minutes."
defensive_contribution,Defensive Contribution,fpl,event.live.explain[].stats.defensive_contribution,fixture,fantasy,1,2026-27,2026-27,core,profile,,"points breakdown per fixture. Omitted from matchlogs when the GW has no live file. Include every component FPL returned, including zero-point minutes."
goals,Goals scored,fpl,event.live.explain[].stats.goals_scored,fixture,fantasy,1,2026-27,2026-27,core,profile,,"points breakdown per fixture. Omitted from matchlogs when the GW has no live file. Include every component FPL returned, including zero-point minutes."
goals_conceded,Goals conceded,fpl,event.live.explain[].stats.goals_conceded,fixture,fantasy,1,2026-27,2026-27,core,profile,,"points breakdown per fixture. Omitted from matchlogs when the GW has no live file. Include every component FPL returned, including zero-point minutes."
own_goals,Own goals,fpl,event.live.explain[].stats.own_goals,fixture,fantasy,1,2026-27,2026-27,core,profile,,"points breakdown per fixture. Omitted from matchlogs when the GW has no live file. Include every component FPL returned, including zero-point minutes."
penalties_missed,Penalties missed,fpl,event.live.explain[].stats.penalties_missed,fixture,fantasy,1,2026-27,2026-27,core,profile,,"points breakdown per fixture. Omitted from matchlogs when the GW has no live file. Include every component FPL returned, including zero-point minutes."
penalties_saved,Penalties saved,fpl,event.live.explain[].stats.penalties_saved,fixture,fantasy,1,2026-27,2026-27,core,profile,,"points breakdown per fixture. Omitted from matchlogs when the GW has no live file. Include every component FPL returned, including zero-point minutes."
red_cards,Red cards,fpl,event.live.explain[].stats.red_cards,fixture,fantasy,1,2026-27,2026-27,core,profile,,"points breakdown per fixture. Omitted from matchlogs when the GW has no live file. Include every component FPL returned, including zero-point minutes."
saves,Saves,fpl,event.live.explain[].stats.saves,fixture,fantasy,1,2026-27,2026-27,core,profile,,"points breakdown per fixture. Omitted from matchlogs when the GW has no live file. Include every component FPL returned, including zero-point minutes."
yellow_cards,Yellow cards,fpl,event.live.explain[].stats.yellow_cards,fixture,fantasy,1,2026-27,2026-27,core,profile,,"points breakdown per fixture. Omitted from matchlogs when the GW has no live file. Include every component FPL returned, including zero-point minutes."
assists,Assists,fpl,event.live.stats.assists,gameweek,fantasy,1,2016-17,2026-27,core,"profile,percentile,shrinkage",,"vaastav merged_gw carries FPL GW stats when no live file exists; event/{gw}/live/ wins for a (season, gw) that has a file"
bonus,Bonus,fpl,event.live.stats.bonus,gameweek,fantasy,1,2016-17,2026-27,core,"profile,percentile,shrinkage",,"vaastav merged_gw carries FPL GW stats when no live file exists; event/{gw}/live/ wins for a (season, gw) that has a file"
bps,Bonus point system,fpl,event.live.stats.bps,gameweek,fantasy,1,2016-17,2026-27,core,"profile,percentile,shrinkage",,"vaastav merged_gw carries FPL GW stats when no live file exists; event/{gw}/live/ wins for a (season, gw) that has a file"
clean_sheets,Clean sheets,fpl,event.live.stats.clean_sheets,gameweek,fantasy,1,2016-17,2026-27,core,"profile,percentile,shrinkage",,"vaastav merged_gw carries FPL GW stats when no live file exists; event/{gw}/live/ wins for a (season, gw) that has a file"
clearances_blocks_interceptions,Clearances / blocks / interceptions,fpl,event.live.stats.clearances_blocks_interceptions,gameweek,fantasy,1,2016-17,2026-27,core,"profile,percentile,shrinkage",,"vaastav merged_gw carries FPL GW stats when no live file exists; event/{gw}/live/ wins for a (season, gw) that has a file; absent 2019-20, 2020-21, 2021-22, 2022-23, 2023-24, 2024-25; FPL and Opta both count this action and will not agree. Do not fill a gap in one feed from the other."
creativity,Creativity,fpl,event.live.stats.creativity,gameweek,fantasy,1,2016-17,2026-27,core,"profile,percentile",,"vaastav merged_gw carries FPL GW stats when no live file exists; event/{gw}/live/ wins for a (season, gw) that has a file"
defensive_contribution,Defensive contribution,fpl,event.live.stats.defensive_contribution,gameweek,fantasy,1,2025-26,2026-27,core,"profile,percentile,shrinkage",,"vaastav merged_gw carries FPL GW stats when no live file exists; event/{gw}/live/ wins for a (season, gw) that has a file; Fantasy always uses FPL defensive_contribution — that is what scored the points. Opta tackles/interceptions/clearances are a different canonical measurement in the football context, not a correction."
goals,Goals,fpl,event.live.stats.goals_scored,gameweek,fantasy,1,2016-17,2026-27,core,"profile,percentile,shrinkage",,"vaastav merged_gw carries FPL GW stats when no live file exists; event/{gw}/live/ wins for a (season, gw) that has a file"
goals_conceded,Goals conceded,fpl,event.live.stats.goals_conceded,gameweek,fantasy,1,2016-17,2026-27,core,"profile,percentile,shrinkage",,"vaastav merged_gw carries FPL GW stats when no live file exists; event/{gw}/live/ wins for a (season, gw) that has a file"
ict_index,ICT Index,fpl,event.live.stats.ict_index,gameweek,fantasy,1,2016-17,2026-27,core,"profile,percentile",,"vaastav merged_gw carries FPL GW stats when no live file exists; event/{gw}/live/ wins for a (season, gw) that has a file"
influence,Influence,fpl,event.live.stats.influence,gameweek,fantasy,1,2016-17,2026-27,core,"profile,percentile",,"vaastav merged_gw carries FPL GW stats when no live file exists; event/{gw}/live/ wins for a (season, gw) that has a file"
own_goals,Own goals,fpl,event.live.stats.own_goals,gameweek,fantasy,1,2016-17,2026-27,core,"profile,percentile,shrinkage",,"vaastav merged_gw carries FPL GW stats when no live file exists; event/{gw}/live/ wins for a (season, gw) that has a file"
penalties_missed,Penalties missed,fpl,event.live.stats.penalties_missed,gameweek,fantasy,1,2016-17,2026-27,core,"profile,percentile,shrinkage",,"vaastav merged_gw carries FPL GW stats when no live file exists; event/{gw}/live/ wins for a (season, gw) that has a file"
penalties_saved,Penalties saved,fpl,event.live.stats.penalties_saved,gameweek,fantasy,1,2016-17,2026-27,core,"profile,percentile,shrinkage",,"vaastav merged_gw carries FPL GW stats when no live file exists; event/{gw}/live/ wins for a (season, gw) that has a file"
recoveries,Recoveries,fpl,event.live.stats.recoveries,gameweek,fantasy,1,2016-17,2026-27,core,"profile,percentile,shrinkage",,"vaastav merged_gw carries FPL GW stats when no live file exists; event/{gw}/live/ wins for a (season, gw) that has a file; absent 2019-20, 2020-21, 2021-22, 2022-23, 2023-24, 2024-25; FPL and Opta both count this action and will not agree. Do not fill a gap in one feed from the other."
red_cards,Red cards,fpl,event.live.stats.red_cards,gameweek,fantasy,1,2016-17,2026-27,core,"profile,percentile,shrinkage",,"vaastav merged_gw carries FPL GW stats when no live file exists; event/{gw}/live/ wins for a (season, gw) that has a file"
saves,Saves,fpl,event.live.stats.saves,gameweek,fantasy,1,2016-17,2026-27,core,"profile,percentile,shrinkage",,"vaastav merged_gw carries FPL GW stats when no live file exists; event/{gw}/live/ wins for a (season, gw) that has a file"
tackles,Tackles,fpl,event.live.stats.tackles,gameweek,fantasy,1,2016-17,2026-27,core,"profile,percentile,shrinkage",,"vaastav merged_gw carries FPL GW stats when no live file exists; event/{gw}/live/ wins for a (season, gw) that has a file; absent 2019-20, 2020-21, 2021-22, 2022-23, 2023-24, 2024-25; FPL and Opta both count this action and will not agree. Do not fill a gap in one feed from the other."
threat,Threat,fpl,event.live.stats.threat,gameweek,fantasy,1,2016-17,2026-27,core,"profile,percentile",,"vaastav merged_gw carries FPL GW stats when no live file exists; event/{gw}/live/ wins for a (season, gw) that has a file"
total_points,Total points,fpl,event.live.stats.total_points,gameweek,fantasy,1,2016-17,2026-27,core,"profile,percentile,shrinkage",,"vaastav merged_gw carries FPL GW stats when no live file exists; event/{gw}/live/ wins for a (season, gw) that has a file"
xa,Expected assists,fpl,event.live.stats.expected_assists,gameweek,both,1,2022-23,2026-27,core,"profile,percentile,shrinkage",,"vaastav merged_gw carries FPL GW stats when no live file exists; event/{gw}/live/ wins for a (season, gw) that has a file"
xg,Expected goals,fpl,event.live.stats.expected_goals,gameweek,both,1,2022-23,2026-27,core,"profile,percentile,shrinkage",,"vaastav merged_gw carries FPL GW stats when no live file exists; event/{gw}/live/ wins for a (season, gw) that has a file"
xgc,Expected goals conceded,fpl,event.live.stats.expected_goals_conceded,gameweek,both,1,2022-23,2026-27,core,"profile,percentile,shrinkage",,"vaastav merged_gw carries FPL GW stats when no live file exists; event/{gw}/live/ wins for a (season, gw) that has a file"
xgi,Expected goal involvements,fpl,event.live.stats.expected_goal_involvements,gameweek,both,1,2022-23,2026-27,core,"profile,percentile,shrinkage",,"vaastav merged_gw carries FPL GW stats when no live file exists; event/{gw}/live/ wins for a (season, gw) that has a file"
yellow_cards,Yellow cards,fpl,event.live.stats.yellow_cards,gameweek,fantasy,1,2016-17,2026-27,core,"profile,percentile,shrinkage",,"vaastav merged_gw carries FPL GW stats when no live file exists; event/{gw}/live/ wins for a (season, gw) that has a file"
assists,Assists,fpl,sum(fact_player_gw.assists),season,fantasy,1,2016-17,2026-27,core,"table,percentile,shrinkage",,"vaastav merged_gw carries FPL GW stats when no live file exists; event/{gw}/live/ wins for a (season, gw) that has a file"
bonus,Bonus,fpl,sum(fact_player_gw.bonus),season,fantasy,1,2016-17,2026-27,core,"table,percentile,shrinkage",,"vaastav merged_gw carries FPL GW stats when no live file exists; event/{gw}/live/ wins for a (season, gw) that has a file"
bps,Bonus point system,fpl,sum(fact_player_gw.bps),season,fantasy,1,2016-17,2026-27,core,"table,percentile,shrinkage",,"vaastav merged_gw carries FPL GW stats when no live file exists; event/{gw}/live/ wins for a (season, gw) that has a file"
clean_sheets,Clean sheets,fpl,sum(fact_player_gw.clean_sheets),season,fantasy,1,2016-17,2026-27,core,"table,percentile,shrinkage",,"vaastav merged_gw carries FPL GW stats when no live file exists; event/{gw}/live/ wins for a (season, gw) that has a file"
clearances_blocks_interceptions,Clearances / blocks / interceptions,fpl,sum(fact_player_gw.clearances_blocks_interceptions),season,fantasy,1,2016-17,2026-27,core,"table,percentile,shrinkage",,"vaastav merged_gw carries FPL GW stats when no live file exists; event/{gw}/live/ wins for a (season, gw) that has a file; absent 2019-20, 2020-21, 2021-22, 2022-23, 2023-24, 2024-25; FPL and Opta both count this action and will not agree. Do not fill a gap in one feed from the other."
creativity,Creativity,fpl,sum(fact_player_gw.creativity),season,fantasy,1,2016-17,2026-27,core,"table,percentile",,"vaastav merged_gw carries FPL GW stats when no live file exists; event/{gw}/live/ wins for a (season, gw) that has a file"
defensive_contribution,Defensive contribution,fpl,sum(fact_player_gw.defensive_contribution),season,fantasy,1,2025-26,2026-27,core,"table,percentile,shrinkage",,"vaastav merged_gw carries FPL GW stats when no live file exists; event/{gw}/live/ wins for a (season, gw) that has a file; Fantasy always uses FPL defensive_contribution — that is what scored the points. Opta tackles/interceptions/clearances are a different canonical measurement in the football context, not a correction."
goals,Goals,fpl,sum(fact_player_gw.goals),season,fantasy,1,2016-17,2026-27,core,"table,percentile,shrinkage",,"vaastav merged_gw carries FPL GW stats when no live file exists; event/{gw}/live/ wins for a (season, gw) that has a file"
goals_conceded,Goals conceded,fpl,sum(fact_player_gw.goals_conceded),season,fantasy,1,2016-17,2026-27,core,"table,percentile,shrinkage",,"vaastav merged_gw carries FPL GW stats when no live file exists; event/{gw}/live/ wins for a (season, gw) that has a file"
ict_index,ICT Index,fpl,sum(fact_player_gw.ict_index),season,fantasy,1,2016-17,2026-27,core,"table,percentile",,"vaastav merged_gw carries FPL GW stats when no live file exists; event/{gw}/live/ wins for a (season, gw) that has a file"
influence,Influence,fpl,sum(fact_player_gw.influence),season,fantasy,1,2016-17,2026-27,core,"table,percentile",,"vaastav merged_gw carries FPL GW stats when no live file exists; event/{gw}/live/ wins for a (season, gw) that has a file"
own_goals,Own goals,fpl,sum(fact_player_gw.own_goals),season,fantasy,1,2016-17,2026-27,core,"table,percentile,shrinkage",,"vaastav merged_gw carries FPL GW stats when no live file exists; event/{gw}/live/ wins for a (season, gw) that has a file"
penalties_missed,Penalties missed,fpl,sum(fact_player_gw.penalties_missed),season,fantasy,1,2016-17,2026-27,core,"table,percentile,shrinkage",,"vaastav merged_gw carries FPL GW stats when no live file exists; event/{gw}/live/ wins for a (season, gw) that has a file"
penalties_saved,Penalties saved,fpl,sum(fact_player_gw.penalties_saved),season,fantasy,1,2016-17,2026-27,core,"table,percentile,shrinkage",,"vaastav merged_gw carries FPL GW stats when no live file exists; event/{gw}/live/ wins for a (season, gw) that has a file"
recoveries,Recoveries,fpl,sum(fact_player_gw.recoveries),season,fantasy,1,2016-17,2026-27,core,"table,percentile,shrinkage",,"vaastav merged_gw carries FPL GW stats when no live file exists; event/{gw}/live/ wins for a (season, gw) that has a file; absent 2019-20, 2020-21, 2021-22, 2022-23, 2023-24, 2024-25; FPL and Opta both count this action and will not agree. Do not fill a gap in one feed from the other."
red_cards,Red cards,fpl,sum(fact_player_gw.red),season,fantasy,1,2016-17,2026-27,core,"table,percentile,shrinkage",,"vaastav merged_gw carries FPL GW stats when no live file exists; event/{gw}/live/ wins for a (season, gw) that has a file"
saves,Saves,fpl,sum(fact_player_gw.saves),season,fantasy,1,2016-17,2026-27,core,"table,percentile,shrinkage",,"vaastav merged_gw carries FPL GW stats when no live file exists; event/{gw}/live/ wins for a (season, gw) that has a file"
tackles,Tackles,fpl,sum(fact_player_gw.tackles),season,fantasy,1,2016-17,2026-27,core,"table,percentile,shrinkage",,"vaastav merged_gw carries FPL GW stats when no live file exists; event/{gw}/live/ wins for a (season, gw) that has a file; absent 2019-20, 2020-21, 2021-22, 2022-23, 2023-24, 2024-25; FPL and Opta both count this action and will not agree. Do not fill a gap in one feed from the other."
threat,Threat,fpl,sum(fact_player_gw.threat),season,fantasy,1,2016-17,2026-27,core,"table,percentile",,"vaastav merged_gw carries FPL GW stats when no live file exists; event/{gw}/live/ wins for a (season, gw) that has a file"
total_points,Total points,fpl,sum(fact_player_gw.total_points),season,fantasy,1,2016-17,2026-27,core,"table,percentile,shrinkage",,"vaastav merged_gw carries FPL GW stats when no live file exists; event/{gw}/live/ wins for a (season, gw) that has a file"
xa,Expected assists,fpl,sum(fact_player_gw.expected_assists),season,both,1,2022-23,2026-27,core,"table,percentile,shrinkage",,"vaastav merged_gw carries FPL GW stats when no live file exists; event/{gw}/live/ wins for a (season, gw) that has a file"
xg,Expected goals,fpl,sum(fact_player_gw.expected_goals),season,both,1,2022-23,2026-27,core,"table,percentile,shrinkage",,"vaastav merged_gw carries FPL GW stats when no live file exists; event/{gw}/live/ wins for a (season, gw) that has a file"
xgc,Expected goals conceded,fpl,sum(fact_player_gw.expected_goals_conceded),season,both,1,2022-23,2026-27,core,"table,percentile,shrinkage",,"vaastav merged_gw carries FPL GW stats when no live file exists; event/{gw}/live/ wins for a (season, gw) that has a file"
xgi,Expected goal involvements,fpl,sum(fact_player_gw.expected_goal_involvements),season,both,1,2022-23,2026-27,core,"table,percentile,shrinkage",,"vaastav merged_gw carries FPL GW stats when no live file exists; event/{gw}/live/ wins for a (season, gw) that has a file"
yellow_cards,Yellow cards,fpl,sum(fact_player_gw.yellow),season,fantasy,1,2016-17,2026-27,core,"table,percentile,shrinkage",,"vaastav merged_gw carries FPL GW stats when no live file exists; event/{gw}/live/ wins for a (season, gw) that has a file"
minutes,Minutes played,fpl,event.live.explain[].stats.minutes,fixture,fantasy,1,2026-27,2026-27,extended,profile,,"points breakdown per fixture. Omitted from matchlogs when the GW has no live file. Include every component FPL returned, including zero-point minutes."
minutes,Minutes,fpl,event.live.stats.minutes,gameweek,fantasy,1,2016-17,2026-27,extended,profile,,"vaastav merged_gw carries FPL GW stats when no live file exists; event/{gw}/live/ wins for a (season, gw) that has a file"
starts,Starts,fpl,event.live.stats.starts,gameweek,fantasy,1,2022-23,2026-27,extended,profile,,"vaastav merged_gw carries FPL GW stats when no live file exists; event/{gw}/live/ wins for a (season, gw) that has a file"
aerial_duel_share,aerial duel share,derived,plstats.aerial_won+aerial_lost / plstats.duel_won+duel_lost,season,football,1,2016-17,2026-27,extended,clustering,aerial_won+aerial_lost / duel_won+duel_lost,
aerial_win_pct,aerial win pct,derived,plstats.aerial_won / plstats.aerial_won+aerial_lost,season,football,1,2016-17,2026-27,extended,none,aerial_won / aerial_won+aerial_lost,"in_clustering=0 because this measures quality, not style; clustering describes shape."
appearances,Appearances,derived,fact_player_season_availability.appearances,season,both,1,2020-21,2026-27,extended,table,count of matches with minutes>0,
appearances_60_plus,Appearances 60+,derived,fact_player_season_availability.appearances_60_plus,season,both,1,2020-21,2026-27,extended,table,count of matches with minutes>=60,
assists_adj90,Assists adj90,derived,fact_player_season_metrics.assists_adj90,season,fantasy,1,2020-21,2026-27,extended,"shrinkage,percentile","EB shrink of assists_p90 toward (season, position) mean",
assists_p90,Assists per 90,derived,fact_player_season_metrics.assists_p90,season,fantasy,1,2020-21,2026-27,extended,shrinkage,assists_total / minutes_total * 90,
assists_share,Assists share of team,derived,fact_player_season_metrics.assists_share,season,fantasy,1,2020-21,2026-27,extended,percentile,player assists / team assists over GWs at the club,
backward_pass_share,backward pass share,derived,plstats.backward_pass / plstats.total_pass,season,football,1,2016-17,2026-27,extended,clustering,backward_pass / total_pass,
bonus_adj90,Bonus adj90,derived,fact_player_season_metrics.bonus_adj90,season,fantasy,1,2020-21,2026-27,extended,"shrinkage,percentile","EB shrink of bonus_p90 toward (season, position) mean",
bonus_p90,Bonus per 90,derived,fact_player_season_metrics.bonus_p90,season,fantasy,1,2020-21,2026-27,extended,shrinkage,bonus_total / minutes_total * 90,
bps_adj90,Bonus point system adj90,derived,fact_player_season_metrics.bps_adj90,season,fantasy,1,2020-21,2026-27,extended,"shrinkage,percentile","EB shrink of bps_p90 toward (season, position) mean",
bps_p90,Bonus point system per 90,derived,fact_player_season_metrics.bps_p90,season,fantasy,1,2020-21,2026-27,extended,shrinkage,bps_total / minutes_total * 90,
carry_rate,carry rate,derived,plstats.carries / plstats.touches,season,football,1,2019-20,2026-27,extended,clustering,carries / touches,"spec first_season=2019-20; observed coverage below is from the mart; absent 2020-21, 2022-23"
clean_sheets_adj90,Clean sheets adj90,derived,fact_player_season_metrics.clean_sheets_adj90,season,fantasy,1,2020-21,2026-27,extended,"shrinkage,percentile","EB shrink of clean_sheets_p90 toward (season, position) mean",
clean_sheets_p90,Clean sheets per 90,derived,fact_player_season_metrics.clean_sheets_p90,season,fantasy,1,2020-21,2026-27,extended,shrinkage,clean_sheets_total / minutes_total * 90,
clearance_share,clearance share,derived,plstats.effective_clearance / plstats.D,season,football,1,2016-17,2026-27,extended,clustering,effective_clearance / D,
clearances_blocks_interceptions_adj90,Clearances / blocks / interceptions adj90,derived,fact_player_season_metrics.clearances_blocks_interceptions_adj90,season,fantasy,1,2025-26,2026-27,extended,"shrinkage,percentile","EB shrink of clearances_blocks_interceptions_p90 toward (season, position) mean",
clearances_blocks_interceptions_p90,Clearances / blocks / interceptions per 90,derived,fact_player_season_metrics.clearances_blocks_interceptions_p90,season,fantasy,1,2025-26,2026-27,extended,shrinkage,clearances_blocks_interceptions_total / minutes_total * 90,
clearances_blocks_interceptions_share,Clearances / blocks / interceptions share of team,derived,fact_player_season_metrics.clearances_blocks_interceptions_share,season,fantasy,1,2025-26,2026-27,extended,percentile,player clearances_blocks_interceptions / team clearances_blocks_interceptions over GWs at the club,
cross_share,cross share,derived,plstats.total_cross / plstats.total_pass,season,football,1,2016-17,2026-27,extended,clustering,total_cross / total_pass,
defensive_contribution_adj90,Defensive contribution adj90,derived,fact_player_season_metrics.defensive_contribution_adj90,season,fantasy,1,2025-26,2026-27,extended,"shrinkage,percentile","EB shrink of defensive_contribution_p90 toward (season, position) mean",
defensive_contribution_p90,Defensive contribution per 90,derived,fact_player_season_metrics.defensive_contribution_p90,season,fantasy,1,2025-26,2026-27,extended,shrinkage,defensive_contribution_total / minutes_total * 90,
defensive_contribution_share,Defensive contribution share of team,derived,fact_player_season_metrics.defensive_contribution_share,season,fantasy,1,2025-26,2026-27,extended,percentile,player defensive_contribution / team defensive_contribution over GWs at the club,
final_third_touch_share,final third touch share,derived,plstats.touches_in_final_third / plstats.touches,season,football,1,2019-20,2026-27,extended,clustering,touches_in_final_third / touches,"absent 2020-21, 2022-23"
fwd_pass_share,fwd pass share,derived,plstats.fwd_pass / plstats.total_pass,season,football,1,2016-17,2026-27,extended,clustering,fwd_pass / total_pass,
fwd_zone_pass_share,fwd zone pass share,derived,plstats.total_fwd_zone_pass / plstats.total_pass,season,football,1,2016-17,2026-27,extended,clustering,total_fwd_zone_pass / total_pass,
goals_adj90,Goals adj90,derived,fact_player_season_metrics.goals_adj90,season,fantasy,1,2020-21,2026-27,extended,"shrinkage,percentile","EB shrink of goals_p90 toward (season, position) mean",
goals_conceded_adj90,Goals conceded adj90,derived,fact_player_season_metrics.goals_conceded_adj90,season,fantasy,1,2020-21,2026-27,extended,"shrinkage,percentile","EB shrink of goals_conceded_p90 toward (season, position) mean",
goals_conceded_p90,Goals conceded per 90,derived,fact_player_season_metrics.goals_conceded_p90,season,fantasy,1,2020-21,2026-27,extended,shrinkage,goals_conceded_total / minutes_total * 90,
goals_p90,Goals per 90,derived,fact_player_season_metrics.goals_p90,season,fantasy,1,2020-21,2026-27,extended,shrinkage,goals_total / minutes_total * 90,
goals_share,Goals share of team,derived,fact_player_season_metrics.goals_share,season,fantasy,1,2020-21,2026-27,extended,percentile,player goals / team goals over GWs at the club,
head_shot_share,head shot share,derived,plstats.att_hd_total / plstats.total_scoring_att,season,football,1,2016-17,2026-27,extended,clustering,att_hd_total / total_scoring_att,
ibox_shot_share,ibox shot share,derived,plstats.att_ibox_target+att_ibox_miss+att_ibox_blocked+att_ibox_goal+att_ibox_post / plstats.total_scoring_att,season,football,1,2016-17,2026-27,extended,clustering,att_ibox_target+att_ibox_miss+att_ibox_blocked+att_ibox_goal+att_ibox_post / total_scoring_att,
long_ball_share,long ball share,derived,plstats.total_long_balls / plstats.total_pass,season,football,1,2016-17,2026-27,extended,clustering,total_long_balls / total_pass,
loss_rate,loss rate,derived,plstats.dispossessed+unsuccessful_touch / plstats.touches,season,football,1,2016-17,2026-27,extended,clustering,dispossessed+unsuccessful_touch / touches,
minutes,Minutes,fpl,sum(fact_player_gw.minutes),season,fantasy,1,2016-17,2026-27,extended,table,,"vaastav merged_gw carries FPL GW stats when no live file exists; event/{gw}/live/ wins for a (season, gw) that has a file"
minutes_share,Minutes share of team,derived,fact_player_season_availability.minutes_share,season,both,1,2020-21,2026-27,extended,table,minutes / team_minutes_available,
opp_box_touch_share,opp box touch share,derived,plstats.touches_in_opp_box / plstats.touches,season,football,1,2016-17,2026-27,extended,clustering,touches_in_opp_box / touches,
own_goals_adj90,Own goals adj90,derived,fact_player_season_metrics.own_goals_adj90,season,fantasy,1,2020-21,2026-27,extended,"shrinkage,percentile","EB shrink of own_goals_p90 toward (season, position) mean",
own_goals_p90,Own goals per 90,derived,fact_player_season_metrics.own_goals_p90,season,fantasy,1,2020-21,2026-27,extended,shrinkage,own_goals_total / minutes_total * 90,
pass_accuracy,pass accuracy,derived,plstats.accurate_pass / plstats.total_pass,season,football,1,2016-17,2026-27,extended,none,accurate_pass / total_pass,"in_clustering=0 because this measures quality, not style; clustering describes shape."
pass_share_of_team,pass share of team,derived,plstats.total_pass / plstats.team_total_pass,season,football,1,2020-21,2026-27,extended,clustering,total_pass / team_total_pass,
penalties_missed_adj90,Penalties missed adj90,derived,fact_player_season_metrics.penalties_missed_adj90,season,fantasy,1,2020-21,2026-27,extended,"shrinkage,percentile","EB shrink of penalties_missed_p90 toward (season, position) mean",
penalties_missed_p90,Penalties missed per 90,derived,fact_player_season_metrics.penalties_missed_p90,season,fantasy,1,2020-21,2026-27,extended,shrinkage,penalties_missed_total / minutes_total * 90,
penalties_saved_adj90,Penalties saved adj90,derived,fact_player_season_metrics.penalties_saved_adj90,season,fantasy,1,2020-21,2026-27,extended,"shrinkage,percentile","EB shrink of penalties_saved_p90 toward (season, position) mean",
penalties_saved_p90,Penalties saved per 90,derived,fact_player_season_metrics.penalties_saved_p90,season,fantasy,1,2020-21,2026-27,extended,shrinkage,penalties_saved_total / minutes_total * 90,
press_height,press height,derived,plstats.poss_won_att_3rd / plstats.poss_won_att_3rd+poss_won_mid_3rd+poss_won_def_3rd,season,football,1,2016-17,2026-27,extended,clustering,poss_won_att_3rd / poss_won_att_3rd+poss_won_mid_3rd+poss_won_def_3rd,
progressive_carry_share,progressive carry share,derived,plstats.progressive_carries / plstats.carries,season,football,1,2019-20,2026-27,extended,clustering,progressive_carries / carries,"spec first_season=2019-20; observed coverage below is from the mart; absent 2020-21, 2022-23"
recoveries_adj90,Recoveries adj90,derived,fact_player_season_metrics.recoveries_adj90,season,fantasy,1,2025-26,2026-27,extended,"shrinkage,percentile","EB shrink of recoveries_p90 toward (season, position) mean",
recoveries_p90,Recoveries per 90,derived,fact_player_season_metrics.recoveries_p90,season,fantasy,1,2025-26,2026-27,extended,shrinkage,recoveries_total / minutes_total * 90,
recoveries_share,Recoveries share of team,derived,fact_player_season_metrics.recoveries_share,season,fantasy,1,2025-26,2026-27,extended,percentile,player recoveries / team recoveries over GWs at the club,
recovery_share,recovery share,derived,plstats.ball_recovery / plstats.D,season,football,1,2016-17,2026-27,extended,clustering,ball_recovery / D,
red_cards_adj90,Red cards adj90,derived,fact_player_season_metrics.red_cards_adj90,season,fantasy,1,2020-21,2026-27,extended,"shrinkage,percentile","EB shrink of red_cards_p90 toward (season, position) mean",
red_cards_p90,Red cards per 90,derived,fact_player_season_metrics.red_cards_p90,season,fantasy,1,2020-21,2026-27,extended,shrinkage,red_cards_total / minutes_total * 90,
saves_adj90,Saves adj90,derived,fact_player_season_metrics.saves_adj90,season,fantasy,1,2020-21,2026-27,extended,"shrinkage,percentile","EB shrink of saves_p90 toward (season, position) mean",
saves_p90,Saves per 90,derived,fact_player_season_metrics.saves_p90,season,fantasy,1,2020-21,2026-27,extended,shrinkage,saves_total / minutes_total * 90,
shot_share_of_team,shot share of team,derived,plstats.total_scoring_att / plstats.team_total_scoring_att,season,football,1,2020-21,2026-27,extended,clustering,total_scoring_att / team_total_scoring_att,
shots_per_touch,shots per touch,derived,plstats.total_scoring_att / plstats.touches,season,football,1,2016-17,2026-27,extended,clustering,total_scoring_att / touches,
starts,Starts,fpl,sum(fact_player_gw.starts),season,fantasy,1,2022-23,2026-27,extended,table,,"vaastav merged_gw carries FPL GW stats when no live file exists; event/{gw}/live/ wins for a (season, gw) that has a file"
tackle_share,tackle share,derived,plstats.total_tackle / plstats.D,season,football,1,2016-17,2026-27,extended,clustering,total_tackle / D,
tackles_adj90,Tackles adj90,derived,fact_player_season_metrics.tackles_adj90,season,fantasy,1,2025-26,2026-27,extended,"shrinkage,percentile","EB shrink of tackles_p90 toward (season, position) mean",
tackles_p90,Tackles per 90,derived,fact_player_season_metrics.tackles_p90,season,fantasy,1,2025-26,2026-27,extended,shrinkage,tackles_total / minutes_total * 90,
tackles_share,Tackles share of team,derived,fact_player_season_metrics.tackles_share,season,fantasy,1,2025-26,2026-27,extended,percentile,player tackles / team tackles over GWs at the club,
take_on_rate,take on rate,derived,plstats.total_contest / plstats.touches,season,football,1,2016-17,2026-27,extended,clustering,total_contest / touches,
take_on_success,take on success,derived,plstats.won_contest / plstats.total_contest,season,football,1,2016-17,2026-27,extended,none,won_contest / total_contest,"in_clustering=0 because this measures quality, not style; clustering describes shape."
team_minutes_available,Team minutes available,derived,fact_player_season_availability.team_minutes_available,season,both,1,2020-21,2026-27,extended,table,sum of club fixture minutes while at the club,
through_ball_share,through ball share,derived,plstats.total_through_ball / plstats.total_pass,season,football,1,2016-17,2026-27,extended,clustering,total_through_ball / total_pass,
total_points_adj90,Total points adj90,derived,fact_player_season_metrics.total_points_adj90,season,fantasy,1,2020-21,2026-27,extended,"shrinkage,percentile","EB shrink of total_points_p90 toward (season, position) mean",
total_points_p90,Total points per 90,derived,fact_player_season_metrics.total_points_p90,season,fantasy,1,2020-21,2026-27,extended,shrinkage,total_points_total / minutes_total * 90,
touch_share_of_team,touch share of team,derived,plstats.touches / plstats.team_touches,season,football,1,2020-21,2026-27,extended,clustering,touches / team_touches,
xa_adj90,Expected assists adj90,derived,fact_player_season_metrics.xa_adj90,season,both,1,2022-23,2026-27,extended,"shrinkage,percentile","EB shrink of xa_p90 toward (season, position) mean",
xa_p90,Expected assists per 90,derived,fact_player_season_metrics.xa_p90,season,both,1,2022-23,2026-27,extended,shrinkage,xa_total / minutes_total * 90,
xa_share,Expected assists share of team,derived,fact_player_season_metrics.xa_share,season,both,1,2022-23,2026-27,extended,percentile,player xa / team xa over GWs at the club,
xg_adj90,Expected goals adj90,derived,fact_player_season_metrics.xg_adj90,season,both,1,2022-23,2026-27,extended,"shrinkage,percentile","EB shrink of xg_p90 toward (season, position) mean",
xg_p90,Expected goals per 90,derived,fact_player_season_metrics.xg_p90,season,both,1,2022-23,2026-27,extended,shrinkage,xg_total / minutes_total * 90,
xg_share,Expected goals share of team,derived,fact_player_season_metrics.xg_share,season,both,1,2022-23,2026-27,extended,percentile,player xg / team xg over GWs at the club,
xgc_adj90,Expected goals conceded adj90,derived,fact_player_season_metrics.xgc_adj90,season,both,1,2022-23,2026-27,extended,"shrinkage,percentile","EB shrink of xgc_p90 toward (season, position) mean",
xgc_p90,Expected goals conceded per 90,derived,fact_player_season_metrics.xgc_p90,season,both,1,2022-23,2026-27,extended,shrinkage,xgc_total / minutes_total * 90,
xgi_adj90,Expected goal involvements adj90,derived,fact_player_season_metrics.xgi_adj90,season,both,1,2022-23,2026-27,extended,"shrinkage,percentile","EB shrink of xgi_p90 toward (season, position) mean",
xgi_p90,Expected goal involvements per 90,derived,fact_player_season_metrics.xgi_p90,season,both,1,2022-23,2026-27,extended,shrinkage,xgi_total / minutes_total * 90,
xgi_share,Expected goal involvements share of team,derived,fact_player_season_metrics.xgi_share,season,both,1,2022-23,2026-27,extended,percentile,player xgi / team xgi over GWs at the club,
yellow_cards_adj90,Yellow cards adj90,derived,fact_player_season_metrics.yellow_cards_adj90,season,fantasy,1,2020-21,2026-27,extended,"shrinkage,percentile","EB shrink of yellow_cards_p90 toward (season, position) mean",
yellow_cards_p90,Yellow cards per 90,derived,fact_player_season_metrics.yellow_cards_p90,season,fantasy,1,2020-21,2026-27,extended,shrinkage,yellow_cards_total / minutes_total * 90,
ownership,Ownership,fplcache,snap_player_day.selected_by_percent,snapshot,fantasy,1,2020-21,2026-27,extended,table,,percentage points. own_7d / own_30d are deltas vs T-7d / T-30d snapshots.
price,Price,fplcache,snap_player_day.now_cost / 10,snapshot,fantasy,1,2020-21,2026-27,extended,"table,profile",now_cost / 10,fplcache fills historical days; own bootstrap snapshots cover the current season. Both are FPL. NULL before 2021-22 in web export.
